<?xml version="1.0" encoding="UTF-8"?>
<project-private xmlns="http://www.netbeans.org/ns/project-private/1">
    <editor-bookmarks xmlns="http://www.netbeans.org/ns/editor-bookmarks/2" lastBookmarkId="0"/>
    <open-files xmlns="http://www.netbeans.org/ns/projectui-open-files/2">
        <group>
            <file>file:/C:/Users/Lenovo/Documents/NetBeansProjects/SOAP_PPT/web/index.html</file>
            <file>file:/C:/Users/Lenovo/Documents/NetBeansProjects/SOAP_PPT/src/java/Partida.java</file>
            <file>file:/C:/Users/Lenovo/Documents/NetBeansProjects/SOAP_PPT/src/java/edu/fje/daw2/Partida.java</file>
            <file>file:/C:/Users/Lenovo/Documents/NetBeansProjects/SOAP_PPT/src/java/edu/fje/daw2/WebService1.java</file>
        </group>
    </open-files>
</project-private>
